sanjay,2025-06-06 19:26:13.507321
sanjay,2025-06-06 19:26:47.680808
sanjay,2025-06-06 19:26:48.661459
sanjay,2025-06-06 19:26:49.894735
sanjay,2025-06-06 19:26:50.866968
sanjay,2025-06-06 19:26:51.760616
sanjay,2025-06-06 19:26:52.529412
sanjay,2025-06-06 19:26:53.454435
sanjay,2025-06-06 19:26:54.330911
sanjay,2025-06-06 19:26:55.167766
sanjay,2025-06-06 19:26:56.046960
sanjay,2025-06-06 19:26:56.867785
sanjay,2025-06-06 19:26:57.719078
sanjay,2025-06-06 19:26:58.566892
sanjay,2025-06-06 19:26:59.714787
sanjay,2025-06-06 19:27:00.656610
sanjay,2025-06-06 19:27:01.388750
sanjay,2025-06-06 19:27:02.317297
sanjay,2025-06-06 19:27:03.244262
sanjay,2025-06-06 19:27:04.162697
sanjay,2025-06-06 19:27:05.093448
sanjay,2025-06-06 19:27:05.936029
sanjay,2025-06-06 19:27:06.851840
sanjay,2025-06-06 19:27:07.718110
sanjay,2025-06-06 19:27:08.602472
sanjay,2025-06-06 19:27:09.288501
sanjay,2025-06-06 19:27:10.028921
sanjay,2025-06-06 19:27:10.837777
sanjay,2025-06-06 19:27:11.747515
sanjay,2025-06-06 19:27:12.523349
sanjay,2025-06-06 19:27:13.486114
sanjay,2025-06-06 19:27:14.334516
sanjay,2025-06-06 19:27:15.131593
sanjay,2025-06-06 19:27:16.035099
sanjay,2025-06-06 19:27:16.701497
sanjay,2025-06-06 19:27:17.254010
sanjay,2025-06-06 19:27:17.765390
sanjay,2025-06-06 19:27:18.249183
sanjay,2025-06-06 19:27:19.135057
sanjay,2025-06-06 19:27:20.060125
sanjay,2025-06-06 19:27:20.866796
sanjay,2025-06-06 19:27:21.990752
sanjay,2025-06-06 19:27:22.859823
sanjay,2025-06-06 19:27:23.730492
sanjay,2025-06-06 19:27:24.657995
sanjay,2025-06-06 19:27:25.529816
sanjay,2025-06-06 19:27:26.316577
sanjay,2025-06-06 19:27:27.236423
sanjay,2025-06-06 19:27:28.237330
sanjay,2025-06-06 19:27:29.182520
sanjay,2025-06-06 19:27:30.069314
sanjay,2025-06-06 19:27:30.874451
sanjay,2025-06-06 19:27:31.897944
sanjay,2025-06-06 19:27:32.808135
sanjay,2025-06-06 19:27:33.780385
sanjay,2025-06-06 19:27:34.732802
sanjay,2025-06-06 19:27:35.626691
sanjay,2025-06-06 19:27:36.578204
sanjay,2025-06-06 19:27:37.419612
sanjay,2025-06-06 19:27:38.277173
sanjay,2025-06-06 19:27:39.253171
sanjay,2025-06-06 19:27:40.051088
sanjay,2025-06-06 19:27:40.820991
sanjay,2025-06-06 19:27:41.639330
sanjay,2025-06-06 19:27:42.528286
sanjay,2025-06-06 19:27:43.415396
sanjay,2025-06-06 19:27:44.296100
sanjay,2025-06-06 19:27:45.073567
sanjay,2025-06-06 19:27:45.890778
sanjay,2025-06-06 19:27:46.602995
sanjay,2025-06-06 19:27:47.322150
sanjay,2025-06-06 19:27:48.042964
sanjay,2025-06-06 19:27:48.790861
sanjay,2025-06-06 19:27:49.842691
sanjay,2025-06-06 19:27:50.579533
sanjay,2025-06-06 19:27:51.330310
sanjay,2025-06-06 19:27:52.029283
sanjay,2025-06-06 19:27:52.780281
sanjay,2025-06-06 19:27:53.675201
sanjay,2025-06-06 19:27:54.636122
sanjay,2025-06-06 19:27:55.360088
sanjay,2025-06-06 19:27:56.315390
sanjay,2025-06-06 19:27:56.993487
sanjay,2025-06-06 19:27:57.702303
sanjay,2025-06-06 19:27:58.434037
sanjay,2025-06-06 19:27:59.299332
sanjay,2025-06-06 19:28:00.055935
sanjay,2025-06-06 19:28:00.846633
sanjay,2025-06-06 19:28:01.884997
sanjay,2025-06-06 19:28:02.734874
sanjay,2025-06-06 19:28:03.838174
sanjay,2025-06-06 19:28:04.691487
sanjay,2025-06-06 19:28:05.358228
sanjay,2025-06-06 19:28:06.008769
sanjay,2025-06-06 19:28:06.855076
sanjay,2025-06-06 19:28:07.602377
sanjay,2025-06-06 19:28:08.263138
sanjay,2025-06-06 19:28:08.969587
sanjay,2025-06-06 19:28:09.642144
sanjay,2025-06-06 19:28:10.363964
sanjay,2025-06-06 19:28:11.047580
sanjay,2025-06-06 19:28:11.746275
sanjay,2025-06-06 19:28:12.481363
sanjay,2025-06-06 19:28:13.221706
sanjay,2025-06-06 19:28:14.317724
sanjay,2025-06-06 19:28:15.025568
sanjay,2025-06-06 19:28:15.785069
sanjay,2025-06-06 19:28:16.671651
sanjay,2025-06-06 19:28:17.590351
sanjay,2025-06-06 19:28:18.389030
sanjay,2025-06-06 19:28:19.074431
sanjay,2025-06-06 19:28:19.968366
sanjay,2025-06-06 19:28:20.849398
sanjay,2025-06-06 19:28:21.685357
sanjay,2025-06-06 19:28:22.783044
sanjay,2025-06-06 19:28:23.686303
sanjay,2025-06-06 19:28:24.495227
sanjay,2025-06-06 19:28:25.340725
sanjay,2025-06-06 19:28:26.176581
sanjay,2025-06-06 19:28:27.064047
sanjay,2025-06-06 19:28:28.176438
sanjay,2025-06-06 19:28:28.884070
sanjay,2025-06-06 19:28:30.209700
sanjay,2025-06-06 19:28:31.341129
sanjay,2025-06-06 19:28:32.303815
sanjay,2025-06-06 19:28:33.208401
sanjay,2025-06-06 19:28:34.330812
sanjay,2025-06-06 19:28:35.527981
sanjay,2025-06-06 19:28:36.635420
sanjay,2025-06-06 19:28:38.003253
sanjay,2025-06-06 19:28:38.935869
sanjay,2025-06-06 19:28:39.834825
sanjay,2025-06-06 19:28:40.615572
sanjay,2025-06-06 19:28:41.711630
sanjay,2025-06-06 19:28:42.703385
sanjay,2025-06-06 19:28:43.620078
sanjay,2025-06-06 19:28:44.653252
sanjay,2025-06-06 19:28:45.642676
sanjay,2025-06-06 19:28:46.677403
sanjay,2025-06-06 19:28:47.661199
sanjay,2025-06-06 19:28:48.611010
sanjay,2025-06-06 19:28:49.714745
sanjay,2025-06-06 19:28:51.275497
sanjay,2025-06-06 19:28:52.134566
sanjay,2025-06-06 19:28:53.032037
sanjay,2025-06-06 19:28:53.972474
sanjay,2025-06-06 19:28:54.873784
sanjay,2025-06-06 19:28:55.782697
sanjay,2025-06-06 19:28:56.758966
sanjay,2025-06-06 19:28:57.603488
sanjay,2025-06-06 19:28:58.574449
sanjay,2025-06-06 19:28:59.490180
sanjay,2025-06-06 19:29:00.490311
sanjay,2025-06-06 19:29:01.386361
sanjay,2025-06-06 19:29:02.451170
sanjay,2025-06-06 19:29:03.380763
sanjay,2025-06-06 19:29:04.302283
sanjay,2025-06-06 19:29:12.837438
sanjay,2025-06-06 19:29:13.756185
sanjay,2025-06-06 19:29:14.649061
sanjay,2025-06-06 19:29:15.596244
sanjay,2025-06-06 19:29:16.496270
sanjay,2025-06-06 19:29:17.412167
sanjay,2025-06-06 19:29:18.406788
sanjay,2025-06-06 19:29:19.372752
sanjay,2025-06-06 19:29:20.282032
sanjay,2025-06-06 19:29:21.196081
sanjay,2025-06-06 19:29:22.073548
sanjay,2025-06-06 19:29:23.063979
sanjay,2025-06-06 19:29:24.023887
sanjay,2025-06-06 19:29:24.937837
sanjay,2025-06-06 19:29:25.946105
sanjay,2025-06-06 19:29:26.854689
sanjay,2025-06-06 19:29:27.837175
sanjay,2025-06-06 19:29:28.886502
sanjay,2025-06-06 19:29:29.829772
sanjay,2025-06-06 19:29:30.874000
sanjay,2025-06-06 19:29:33.201444
sanjay,2025-06-06 19:29:34.209869
sanjay,2025-06-06 19:29:35.246525
sanjay,2025-06-06 19:29:51.684154
sanjay,2025-06-06 19:29:54.211729
sanjay,2025-06-06 19:29:54.639582
sanjay,2025-06-06 19:29:55.145734
sanjay,2025-06-06 19:29:55.794734
sanjay,2025-06-06 19:29:57.158497
sanjay,2025-06-06 19:29:58.069631
sanjay,2025-06-06 19:29:58.545324
sanjay,2025-06-06 19:29:59.043009
sanjay,2025-06-06 19:29:59.495375
sanjay,2025-06-06 19:30:00.297897
sanjay,2025-06-06 19:30:00.776978
sanjay,2025-06-06 19:30:01.222004
sanjay,2025-06-06 19:30:01.646715
sanjay,2025-06-06 19:30:02.434976
sanjay,2025-06-06 19:30:03.131916
sanjay,2025-06-06 19:30:03.709787
sanjay,2025-06-06 19:30:05.053520
sanjay,2025-06-06 19:30:05.525413
sanjay,2025-06-06 19:30:05.951247
sanjay,2025-06-06 19:31:09.890047
sanjay,2025-06-06 19:31:10.916128
sanjay,2025-06-06 19:32:47.862642
sanjay,2025-06-06 19:32:48.873330
sanjay,2025-06-06 19:32:49.793164
sanjay,2025-06-06 19:32:50.770287
sanjay,2025-06-06 19:32:52.045107
sanjay,2025-06-06 19:32:53.060907
sanjay,2025-06-06 19:32:54.035809
sanjay,2025-06-06 19:32:55.035941
sanjay,2025-06-06 19:32:55.935875
sanjay,2025-06-06 19:32:56.972860
sanjay,2025-06-06 19:32:58.143176
sanjay,2025-06-06 19:32:59.122181
sanjay,2025-06-06 19:33:00.071648
sanjay,2025-06-06 19:33:01.040661
sanjay,2025-06-06 19:33:02.005992
sanjay,2025-06-06 19:33:03.002679
sanjay,2025-06-06 19:33:03.940684
sanjay,2025-06-06 19:33:04.936836
sanjay,2025-06-06 19:33:05.955860
sanjay,2025-06-06 19:33:06.981424
sanjay,2025-06-06 19:33:07.968292
sanjay,2025-06-06 19:33:08.855606
sanjay,2025-06-06 19:33:09.759755
sanjay,2025-06-06 19:33:10.757906
sanjay,2025-06-06 19:33:11.768871
sanjay,2025-06-06 19:33:12.655013
sanjay,2025-06-06 19:33:13.569802
sanjay,2025-06-06 19:33:14.528897
sanjay,2025-06-06 19:33:15.528839
sanjay,2025-06-06 19:33:16.495391
sanjay,2025-06-06 19:33:17.442275
sanjay,2025-06-06 19:33:18.482982
sanjay,2025-06-06 19:33:19.509995
sanjay,2025-06-06 19:33:20.453693
sanjay,2025-06-06 19:33:21.460081
sanjay,2025-06-06 19:33:22.438325
sanjay,2025-06-06 19:33:23.366909
sanjay,2025-06-06 19:33:24.343912
sanjay,2025-06-06 19:33:25.315644
sanjay,2025-06-06 19:33:26.312960
sanjay,2025-06-06 19:33:27.604046
sanjay,2025-06-06 19:33:28.522710
sanjay,2025-06-06 19:33:29.503849
sanjay,2025-06-06 19:33:30.463951
sanjay,2025-06-06 19:33:31.418861
sanjay,2025-06-06 19:33:32.439780
sanjay,2025-06-06 19:33:33.487696
sanjay,2025-06-06 19:33:34.405939
sanjay,2025-06-06 19:33:35.364016
sanjay,2025-06-06 19:33:36.421778
sanjay,2025-06-06 19:33:37.367606
sanjay,2025-06-06 19:33:38.332718
sanjay,2025-06-06 19:33:39.405945
sanjay,2025-06-06 19:33:40.451542
sanjay,2025-06-06 19:33:41.417743
sanjay,2025-06-06 19:33:42.476377
sanjay,2025-06-06 19:33:43.605110
sanjay,2025-06-06 19:33:44.446869
sanjay,2025-06-06 19:33:45.435340
sanjay,2025-06-06 19:33:46.445945
sanjay,2025-06-06 19:33:47.378947
sanjay,2025-06-06 19:33:48.371350
sanjay,2025-06-06 19:33:49.340485
sanjay,2025-06-06 19:33:50.374285
sanjay,2025-06-06 19:33:51.284490
sanjay,2025-06-06 19:33:52.289136
sanjay,2025-06-06 19:33:53.273760
sanjay,2025-06-06 19:33:54.217277
sanjay,2025-06-06 19:33:55.129988
sanjay,2025-06-06 19:33:56.061875
sanjay,2025-06-06 19:33:57.015208
sanjay,2025-06-06 19:33:58.103495
sanjay,2025-06-06 19:33:59.060743
sanjay,2025-06-06 19:34:00.072142
sanjay,2025-06-06 19:34:01.004672
sanjay,2025-06-06 19:34:01.900209
sanjay,2025-06-06 19:34:02.876967
sanjay,2025-06-06 19:34:03.840746
sanjay,2025-06-06 19:34:04.794684
sanjay,2025-06-06 19:34:05.695220
sanjay,2025-06-06 19:34:06.627661
sanjay,2025-06-06 19:34:07.670233
sanjay,2025-06-06 19:34:08.648376
sanjay,2025-06-06 19:34:09.617756
sanjay,2025-06-06 19:34:10.623035
sanjay,2025-06-06 19:34:11.671377
sanjay,2025-06-06 19:34:12.977800
sanjay,2025-06-06 19:34:14.028426
sanjay,2025-06-06 19:34:15.099659
sanjay,2025-06-06 19:34:16.157805
sanjay,2025-06-06 19:34:17.339280
sanjay,2025-06-06 19:34:18.343080
sanjay,2025-06-06 19:34:19.299097
sanjay,2025-06-06 19:34:20.396450
sanjay,2025-06-06 19:34:21.360389
sanjay,2025-06-06 19:34:22.441963
sanjay,2025-06-06 19:34:24.066795
sanjay,2025-06-06 19:34:25.188688
sanjay,2025-06-06 19:34:26.136881
sanjay,2025-06-06 19:34:27.175748
sanjay,2025-06-06 19:34:28.152752
sanjay,2025-06-06 19:34:29.099118
sanjay,2025-06-06 19:34:30.071079
sanjay,2025-06-06 19:34:31.039405
sanjay,2025-06-06 19:34:32.055588
sanjay,2025-06-06 19:34:33.215689
sanjay,2025-06-06 19:34:34.220730
sanjay,2025-06-06 19:34:35.241265
sanjay,2025-06-06 19:34:36.223013
sanjay,2025-06-06 19:34:37.209828
sanjay,2025-06-06 19:34:38.132967
sanjay,2025-06-06 19:34:39.095238
sanjay,2025-06-06 19:34:40.888820
sanjay,2025-06-06 19:34:41.904424
sanjay,2025-06-06 19:34:42.903015
sanjay,2025-06-06 19:34:43.873678
sanjay,2025-06-06 19:34:44.850828
sanjay,2025-06-06 19:34:45.812723
sanjay,2025-06-06 19:34:46.804619
sanjay,2025-06-06 19:34:47.773082
sanjay,2025-06-06 19:34:48.753473
sanjay,2025-06-06 19:34:49.680686
sanjay,2025-06-06 19:34:50.705227
sanjay,2025-06-06 19:34:51.711080
sanjay,2025-06-06 19:34:52.751028
sanjay,2025-06-06 19:34:53.845663
sanjay,2025-06-06 19:34:54.957201
sanjay,2025-06-06 19:34:56.203034
sanjay,2025-06-06 19:34:57.158234
sanjay,2025-06-06 19:34:58.060371
sanjay,2025-06-06 19:34:59.069634
sanjay,2025-06-06 19:35:00.088083
sanjay,2025-06-06 19:35:01.015277
sanjay,2025-06-06 19:35:01.939158
sanjay,2025-06-06 19:35:02.907113
sanjay,2025-06-06 19:35:03.980220
sanjay,2025-06-06 19:35:04.894269
sanjay,2025-06-06 19:35:05.925254
sanjay,2025-06-06 19:35:06.894513
sanjay,2025-06-06 19:35:07.953105
sanjay,2025-06-06 19:35:08.788363
sanjay,2025-06-06 19:35:09.814601
sanjay,2025-06-06 19:35:10.856149
sanjay,2025-06-06 19:35:11.774714
sanjay,2025-06-06 19:35:12.802958
sanjay,2025-06-06 19:35:13.843591
sanjay,2025-06-06 19:35:15.038095
sanjay,2025-06-06 19:35:16.125706
sanjay,2025-06-06 19:35:17.602274
sanjay,2025-06-06 19:35:18.560092
sanjay,2025-06-06 19:35:19.720305
sanjay,2025-06-06 19:35:20.715843
sanjay,2025-06-06 19:35:21.740295
sanjay,2025-06-06 19:35:22.947939
sanjay,2025-06-06 19:35:23.971772
sanjay,2025-06-06 19:35:24.964990
sanjay,2025-06-06 19:35:25.982599
sanjay,2025-06-06 19:35:27.023130
sanjay,2025-06-06 19:35:28.047343
sanjay,2025-06-06 19:35:29.033913
sanjay,2025-06-06 19:35:30.048206
sanjay,2025-06-06 19:35:30.993437
sanjay,2025-06-06 19:35:32.172725
sanjay,2025-06-06 19:35:33.305233
sanjay,2025-06-06 19:35:34.401857
sanjay,2025-06-06 19:35:35.408284
sanjay,2025-06-06 19:35:36.547016
sanjay,2025-06-06 19:35:37.630108
sanjay,2025-06-06 19:35:38.693628
sanjay,2025-06-06 19:35:39.666135
sanjay,2025-06-06 19:35:40.647154
sanjay,2025-06-06 19:35:41.658508
sanjay,2025-06-06 19:35:42.707377
sanjay,2025-06-06 19:35:43.821551
sanjay,2025-06-06 19:35:44.887749
sanjay,2025-06-06 19:35:45.875852
sanjay,2025-06-06 19:35:47.037546
sanjay,2025-06-06 19:35:48.164498
sanjay,2025-06-06 19:35:49.259181
sanjay,2025-06-06 19:35:50.342070
sanjay,2025-06-06 19:35:51.375378
sanjay,2025-06-06 19:35:52.442379
sanjay,2025-06-06 19:35:53.971281
sanjay,2025-06-06 19:35:55.327329
sanjay,2025-06-06 19:35:56.398898
sanjay,2025-06-06 19:35:58.157984
sanjay,2025-06-06 19:36:01.988454
sanjay,2025-06-06 19:36:02.987636
sanjay,2025-06-06 19:36:04.023199
sanjay,2025-06-06 19:36:05.054190
sanjay,2025-06-06 19:36:06.203263
sanjay,2025-06-06 19:36:07.316878
sanjay,2025-06-06 19:36:08.166786
sanjay,2025-06-06 19:36:09.188233
sanjay,2025-06-06 19:36:10.220511
sanjay,2025-06-06 19:36:11.247075
sanjay,2025-06-06 19:36:12.206340
sanjay,2025-06-06 19:36:13.234528
sanjay,2025-06-06 19:36:14.294139
sanjay,2025-06-06 19:36:15.357415
sanjay,2025-06-06 19:36:16.473432
sanjay,2025-06-06 19:36:17.388381
sanjay,2025-06-06 19:36:18.554556
sanjay,2025-06-06 19:36:19.653259
sanjay,2025-06-06 19:36:20.770246
sanjay,2025-06-06 19:36:21.821413
sanjay,2025-06-06 19:36:23.037444
sanjay,2025-06-06 19:36:23.995545
sanjay,2025-06-06 19:36:24.880565
sanjay,2025-06-06 19:36:26.043937
sanjay,2025-06-06 19:36:27.344269
sanjay,2025-06-06 19:36:28.488699
sanjay,2025-06-06 19:36:29.502172
sanjay,2025-06-06 19:36:30.486565
sanjay,2025-06-06 19:36:31.501281
sanjay,2025-06-06 19:36:32.457448
sanjay,2025-06-06 19:36:33.639430
sanjay,2025-06-06 19:36:34.771973
sanjay,2025-06-06 19:36:35.813373
sanjay,2025-06-06 19:36:36.853067
sanjay,2025-06-06 19:36:37.868240
sanjay,2025-06-06 19:36:38.871544
sanjay,2025-06-06 19:36:39.933185
sanjay,2025-06-06 19:36:41.002230
sanjay,2025-06-06 19:36:41.979134
sanjay,2025-06-06 19:36:42.881352
sanjay,2025-06-06 19:36:43.799087
sanjay,2025-06-06 19:36:44.761851
sanjay,2025-06-06 19:36:45.697681
sanjay,2025-06-06 19:36:46.663596
sanjay,2025-06-06 19:36:47.635694
sanjay,2025-06-06 19:36:48.813098
sanjay,2025-06-06 19:36:49.686663
sanjay,2025-06-06 19:36:50.579506
sanjay,2025-06-06 19:36:51.772392
sanjay,2025-06-06 19:36:52.806126
sanjay,2025-06-06 19:36:53.811959
sanjay,2025-06-06 19:36:54.835876
sanjay,2025-06-06 19:36:55.845081
sanjay,2025-06-06 19:36:56.778573
sanjay,2025-06-06 19:36:57.781025
sanjay,2025-06-06 19:36:58.754508
sanjay,2025-06-06 19:36:59.737405
sanjay,2025-06-06 19:37:00.659337
sanjay,2025-06-06 19:37:01.833970
sanjay,2025-06-06 19:37:02.789157
sanjay,2025-06-06 19:37:03.854591
sanjay,2025-06-06 19:37:04.943519
sanjay,2025-06-06 19:37:06.005097
sanjay,2025-06-06 19:37:07.319144
sanjay,2025-06-06 19:37:08.550189
sanjay,2025-06-06 19:37:09.625502
sanjay,2025-06-06 19:37:10.585715
sanjay,2025-06-06 19:37:11.540813
sanjay,2025-06-06 19:37:12.695785
sanjay,2025-06-06 19:37:13.754693
sanjay,2025-06-06 19:37:14.843573
sanjay,2025-06-06 19:37:16.018534
sanjay,2025-06-06 19:37:17.019666
sanjay,2025-06-06 19:37:18.101332
sanjay,2025-06-06 19:37:19.088500
sanjay,2025-06-06 19:37:20.157353
sanjay,2025-06-06 19:37:21.192675
sanjay,2025-06-06 19:37:22.327810
sanjay,2025-06-06 19:37:23.299978
sanjay,2025-06-06 19:37:24.260729
sanjay,2025-06-06 19:37:25.303510
sanjay,2025-06-06 19:37:26.333252
sanjay,2025-06-06 19:37:27.319678
sanjay,2025-06-06 19:37:28.395311
sanjay,2025-06-06 19:37:29.339355
sanjay,2025-06-06 19:37:30.315112
sanjay,2025-06-06 19:37:31.273978
sanjay,2025-06-06 19:37:32.203615
sanjay,2025-06-06 19:37:33.295995
sanjay,2025-06-06 19:37:34.255129
sanjay,2025-06-06 19:37:35.183181
sanjay,2025-06-06 19:37:36.214130
sanjay,2025-06-06 19:37:37.136158
sanjay,2025-06-06 19:37:38.061189
sanjay,2025-06-06 19:37:39.105751
sanjay,2025-06-06 19:37:40.090311
sanjay,2025-06-06 19:37:41.038812
sanjay,2025-06-06 19:37:41.960565
sanjay,2025-06-06 19:37:42.935104
sanjay,2025-06-06 19:37:43.877484
sanjay,2025-06-06 19:37:44.816650
sanjay,2025-06-06 19:37:45.787149
sanjay,2025-06-06 19:37:46.738892
sanjay,2025-06-06 19:37:47.700295
sanjay,2025-06-06 19:37:48.638467
sanjay,2025-06-06 19:37:49.589782
sanjay,2025-06-06 19:37:50.583686
sanjay,2025-06-06 19:37:51.538050
sanjay,2025-06-06 19:37:52.455077
sanjay,2025-06-06 19:37:53.405107
sanjay,2025-06-06 19:37:54.359666
sanjay,2025-06-06 19:37:55.296912
sanjay,2025-06-06 19:37:56.238395
sanjay,2025-06-06 19:37:57.163884
sanjay,2025-06-06 19:37:58.088624
sanjay,2025-06-06 19:37:59.046395
sanjay,2025-06-06 19:38:00.016862
sanjay,2025-06-06 19:38:00.989435
sanjay,2025-06-06 19:38:01.912698
sanjay,2025-06-06 19:38:02.788802
sanjay,2025-06-06 19:38:03.722697
sanjay,2025-06-06 19:38:04.643595
sanjay,2025-06-06 19:38:05.670475
sanjay,2025-06-06 19:38:06.671019
sanjay,2025-06-06 19:38:07.753197
sanjay,2025-06-06 19:38:08.704883
sanjay,2025-06-06 19:38:09.627481
sanjay,2025-06-06 19:38:10.606489
sanjay,2025-06-06 19:38:11.527082
sanjay,2025-06-06 19:38:12.472100
sanjay,2025-06-06 19:38:13.480351
sanjay,2025-06-06 19:38:14.400539
sanjay,2025-06-06 19:38:15.330582
sanjay,2025-06-06 19:38:16.235201
sanjay,2025-06-06 19:38:17.170534
sanjay,2025-06-06 19:38:18.118684
sanjay,2025-06-06 19:38:19.074926
sanjay,2025-06-06 19:38:20.007646
sanjay,2025-06-06 19:38:21.040159
sanjay,2025-06-06 19:38:21.931354
sanjay,2025-06-06 19:38:22.904011
sanjay,2025-06-06 19:38:23.846585
sanjay,2025-06-06 19:38:24.781849
sanjay,2025-06-06 19:38:25.782790
sanjay,2025-06-06 19:38:26.759502
sanjay,2025-06-06 19:38:27.741710
sanjay,2025-06-06 19:38:28.807065
sanjay,2025-06-06 19:38:29.798119
sanjay,2025-06-06 19:38:30.672344
sanjay,2025-06-06 19:38:31.587222
sanjay,2025-06-06 19:38:32.765683
sanjay,2025-06-06 19:38:33.628454
sanjay,2025-06-06 19:38:34.631569
sanjay,2025-06-06 19:38:35.521146
sanjay,2025-06-06 19:38:37.140036
sanjay,2025-06-06 19:38:38.144546
sanjay,2025-06-06 19:38:39.023857
sanjay,2025-06-06 19:38:40.074163
sanjay,2025-06-06 19:38:41.259871
sanjay,2025-06-06 19:38:42.329498
sanjay,2025-06-06 19:38:43.328733
sanjay,2025-06-06 19:38:44.286862
sanjay,2025-06-06 19:38:45.199931
sanjay,2025-06-06 19:38:46.365344
sanjay,2025-06-06 19:38:47.506989
sanjay,2025-06-06 19:38:48.678933
sanjay,2025-06-06 19:38:49.828580
sanjay,2025-06-06 19:38:51.005312
sanjay,2025-06-06 19:38:52.071837
sanjay,2025-06-06 19:38:53.130430
sanjay,2025-06-06 19:38:54.323519
sanjay,2025-06-06 19:38:56.431669
sanjay,2025-06-06 19:38:57.546297
sanjay,2025-06-06 19:38:58.691288
sanjay,2025-06-06 19:38:59.781993
sanjay,2025-06-06 19:39:00.931562
sanjay,2025-06-06 19:39:02.294945
sanjay,2025-06-06 19:39:03.252867
sanjay,2025-06-06 19:39:04.343504
sanjay,2025-06-06 19:39:05.383793
sanjay,2025-06-06 19:39:06.430482
sanjay,2025-06-06 19:39:07.407648
sanjay,2025-06-06 19:39:08.339312
sanjay,2025-06-06 19:39:09.607820
sanjay,2025-06-06 19:39:10.851237
sanjay,2025-06-06 19:39:12.005519
sanjay,2025-06-06 19:39:13.187082
sanjay,2025-06-06 19:39:14.282059
sanjay,2025-06-06 19:39:15.442748
sanjay,2025-06-06 19:39:16.556240
sanjay,2025-06-06 19:39:17.594860
sanjay,2025-06-06 19:39:18.600941
sanjay,2025-06-06 19:39:19.536914
sanjay,2025-06-06 19:39:20.472481
sanjay,2025-06-06 19:39:21.394677
sanjay,2025-06-06 19:39:22.275012
sanjay,2025-06-06 19:39:23.248305
sanjay,2025-06-06 19:39:24.181870
sanjay,2025-06-06 19:39:25.164283
sanjay,2025-06-06 19:39:26.037892
sanjay,2025-06-06 19:39:26.933178
sanjay,2025-06-06 19:39:27.956914
sanjay,2025-06-06 19:39:29.123612
sanjay,2025-06-06 19:39:30.041206
sanjay,2025-06-06 19:39:30.964120
sanjay,2025-06-06 19:39:31.887880
sanjay,2025-06-06 19:39:32.889114
sanjay,2025-06-06 19:39:33.817860
sanjay,2025-06-06 19:39:34.800361
sanjay,2025-06-06 19:39:35.723591
sanjay,2025-06-06 19:39:36.908146
sanjay,2025-06-06 19:39:37.910114
sanjay,2025-06-06 19:39:38.967976
sanjay,2025-06-06 19:39:40.024359
sanjay,2025-06-06 19:39:40.965034
sanjay,2025-06-06 19:39:41.882607
sanjay,2025-06-06 19:39:42.802767
sanjay,2025-06-06 19:39:43.747053
sanjay,2025-06-06 19:39:44.671097
sanjay,2025-06-06 19:39:45.673542
sanjay,2025-06-06 19:39:46.622499
sanjay,2025-06-06 19:39:47.589436
sanjay,2025-06-06 19:39:48.529002
sanjay,2025-06-06 19:39:49.543412
